Name,Director,Actor1,Actor2,Release Year,IMDB Rating,Budget,Bclass,Revenue,Action,Adventure,Comedy,Crime,Drama,Fantasy,Horror,Romance,Thriller,Result,FR,FRR,Final
Gangaajal,245,53,303,2003,7.8,80000000,1,300000000,1,0,0,1,1,0,0,0,0,1,2,0,2
Chillar Party,246,23,456,2011,7.4,80000000,1,650000000,0,0,1,0,1,0,0,0,0,1,3,0,2
Vivah,272,141,356,2006,6.6,80000000,1,539000000,0,0,0,0,1,0,0,0,0,1,3,0,2
Kahaani,49,213,32,2012,8.1,80000000,1,1040000000,0,0,0,0,0,0,0,0,1,1,4,1,3
Dil Ka Rishta,80,166,290,2003,4.7,82500000,1,146020000,0,0,0,0,1,0,0,1,0,0,1,0,0
Yeh Raaste Hain Pyaar Ke,45,53,302,2001,4,85500000,1,132000000,1,0,0,0,1,0,0,1,0,0,1,0,0
Aankhen,294,101,112,2002,7.4,87900000,1,629500000,0,0,1,1,1,0,0,0,0,1,3,0,2
Honeymoon Travels Pvt. Ltd.,182,221,331,2007,6.1,90000000,1,165000000,0,0,1,0,1,0,0,1,0,0,1,0,0
Hate Story,8,105,84,2012,5.3,90000000,1,164300000,0,0,0,0,1,0,0,0,1,0,1,0,0
Blood Money,219,52,82,2012,5.1,90000000,1,116800000,1,0,0,0,1,0,0,0,1,0,1,0,0
Shaapit: The Cursed,83,215,278,2010,5.5,90000000,1,104300000,0,1,0,0,0,0,1,1,0,0,1,0,0
1920: Evil Returns,235,22,494,2012,4.8,90000000,1,280000000,0,0,0,0,1,0,1,1,0,0,2,0,0
Love Sonia,62,155,484,2018,7.4,90000000,1,220000000,0,0,0,0,1,0,0,0,0,1,1,0,2
Hunterrr,97,84,426,2015,7,90000000,1,136300000,0,0,1,0,0,0,0,1,0,1,1,0,2
City Lights,89,3,536,2014,7.3,90000000,1,90000000,0,0,0,0,1,0,0,0,1,1,1,0,2
Mujhse Fraaandship Karoge,145,103,268,2011,6.9,90000000,1,67200000,0,0,1,0,0,0,0,1,0,1,1,0,2
99,186,82,93,2009,7.3,90000000,1,1008157544,0,0,1,1,1,0,0,0,0,1,4,1,3
Lahore,28,100,432,2010,6.4,95000000,1,12100000,1,0,0,0,1,0,0,0,0,0,1,0,0
Life in a Metro,46,56,307,2007,7.4,95000000,1,244535000,0,0,1,0,1,0,0,1,0,1,1,0,2
Chalo Dilli,31,143,271,2011,6.8,95000000,1,145000000,0,0,1,0,1,0,0,0,0,1,1,0,2
Bewafaa,42,14,112,2005,4.3,100000000,1,200000000,0,0,0,0,1,0,0,1,0,0,1,0,0
Total Siyapaa,64,8,397,2014,5,100000000,1,131000000,0,0,1,0,1,0,0,1,0,0,1,0,0
Zid,8,77,361,2014,4.3,100000000,1,81500000,0,0,0,1,0,0,0,0,1,0,1,0,0
Saheb Biwi Aur Gangster 3,2,193,149,2018,4.3,100000000,1,66800000,1,0,0,1,1,0,0,0,0,0,1,0,0
Akaash Vani,342,0,81,2013,6.2,100000000,1,22400000,0,0,0,0,1,0,0,1,0,0,1,0,0
Naughty @ 40,176,111,437,2011,2.5,100000000,1,19400000,0,0,1,0,1,0,0,0,0,0,1,0,0
Zokkomon,16,197,161,2011,4,100000000,1,11300000,1,1,0,0,0,0,0,0,0,0,1,0,0
Jannat 2,297,28,227,2012,6.1,100000000,1,449600000,0,0,0,1,1,0,0,0,1,0,2,0,0
Ferrari Ki Sawaari,23,126,93,2012,6.4,100000000,1,440000000,0,0,1,0,1,0,0,0,0,0,2,0,0
Kaal,116,53,102,2005,4.6,100000000,1,331100000,0,1,0,0,0,0,1,0,0,0,2,0,0
Yaariyan,306,173,308,2014,2.7,100000000,1,695500000,0,0,0,0,1,0,0,1,0,0,3,0,0
Tere Naam,174,79,487,2003,7.1,100000000,1,245400000,1,0,0,0,1,0,0,1,0,1,1,0,2
Pyaar Ka Punchnama,342,0,521,2011,7.7,100000000,1,175000000,0,0,1,0,1,0,0,1,0,1,1,0,2
Peepli (Live),319,7,476,2010,7.4,100000000,1,468500000,0,0,1,0,1,0,0,0,0,1,2,0,2
Jolly LLB,190,211,356,2013,7.5,100000000,1,370000000,0,0,1,0,1,0,0,0,0,1,2,0,2
Jaane Tu... Ya Jaane Na,76,49,531,2008,7.5,100000000,1,532000000,0,0,1,0,1,0,0,1,0,1,3,0,2
Munna Bhai M.B.B.S.,22,193,211,2003,8.1,100000000,1,1039000000,0,0,1,0,1,0,0,0,0,1,4,1,3
Badla,49,101,514,2019,7.9,100000000,1,1384900000,0,0,0,1,1,0,0,0,0,1,5,1,3
Mere Dad Ki Maruti,169,103,312,2013,6.4,110000000,1,149400000,0,0,1,0,1,0,0,1,0,0,1,0,0
Mickey Virus,58,229,506,2013,6.1,110000000,1,106000000,0,0,1,0,0,0,0,0,1,0,1,0,0
Purani Jeans,151,107,117,2014,6.2,110000000,1,18600000,0,0,0,0,1,0,0,0,0,0,1,0,0
Salaam Namaste,336,121,176,2005,6.2,110000000,1,572000000,0,0,1,0,1,0,0,1,0,0,3,0,0
Apaharan,245,53,417,2005,7.4,110000000,1,221000000,1,0,0,1,1,0,0,0,0,1,1,0,2
Yeh Saali Zindagi,238,56,478,2011,7.5,110000000,1,148100000,0,0,0,1,1,0,0,0,1,1,1,0,2
3 Storeys,262,130,291,2018,7.1,110000000,1,31947500,0,0,0,0,1,0,0,0,0,1,1,0,2
Chalte Chalte,347,190,416,2003,6.6,110000000,1,432800000,0,0,0,0,1,0,0,1,0,1,2,0,2
Shaitan,322,183,526,2011,7.2,110000000,1,397600000,1,0,0,1,1,0,0,0,0,1,2,0,2
Aitraaz,133,112,463,2004,6.6,110000000,1,260000000,0,0,0,0,1,0,0,1,1,1,2,0,2
Dhoom,267,37,150,2004,6.7,110000000,1,724700000,1,0,0,0,0,0,0,0,1,1,3,0,2
Dev.D,65,221,288,2009,8,113000000,1,498700000,0,0,1,0,1,0,0,1,0,1,2,0,2
Luv Ka the End,86,140,40,2011,4.8,120000000,1,100000000,0,0,1,0,1,0,0,0,0,0,1,0,0
Sarkar 3,107,101,37,2017,4.9,120000000,1,76000000,1,0,0,1,1,0,0,0,0,0,1,0,0
Delhi Safari,323,175,437,2012,5.7,120000000,1,34015000,0,1,1,0,0,0,0,0,0,0,1,0,0
Kajraare,205,13,292,2010,2.9,120000000,1,70000,0,0,0,1,1,0,0,1,0,0,1,0,0
Hum Tumhare Hain Sanam,212,190,302,2002,5.4,120000000,1,347620000,0,0,0,0,1,0,0,1,0,0,2,0,0
Mujhse Dosti Karoge!,57,75,463,2002,5.1,120000000,1,336100000,0,0,0,0,1,0,0,1,0,0,2,0,0
Bachna Ae Haseeno,336,154,391,2008,6.2,120000000,1,790000000,0,0,1,0,1,0,0,1,0,0,4,1,1
Yuva,35,53,37,2004,7.4,120000000,1,244847500,1,0,0,0,1,0,0,0,1,1,1,0,2
Shagird,2,228,417,2011,7.1,120000000,1,25900000,1,0,0,1,1,0,0,0,0,1,1,0,2
Dil Chahta Hai,140,189,121,2001,8.1,120000000,1,456000000,0,0,1,0,1,0,0,1,0,1,2,0,2
Lakshmi,112,191,458,2014,8,120000000,1,335000000,0,0,0,0,1,0,0,0,0,1,2,0,2
Chup Chup Ke,168,141,463,2006,6.7,120000000,1,255000000,0,0,1,0,1,0,0,1,0,1,2,0,2
Taare Zameen Par,69,197,189,2007,8.4,120000000,1,889000000,0,0,0,0,1,0,0,0,0,1,4,1,3
Hichki,253,116,416,2018,7.5,120000000,1,2390000000,0,0,1,0,1,0,0,0,0,1,5,1,3
Queen,246,3,142,2013,8.2,120000000,1,1200000000,0,0,1,0,1,0,0,0,0,1,5,1,3
Bunty Aur Babli,170,37,416,2005,6.2,125000000,1,637405000,0,0,1,0,1,0,0,1,0,0,3,0,0
3G: A Killer Connection,155,48,533,2013,3.6,130000000,1,74500000,0,0,0,0,0,0,1,0,1,0,1,0,0
Haunted - 3D,83,145,494,2011,6.2,130000000,1,360000000,1,0,0,0,0,1,1,0,0,0,2,0,0
Badmaa$h Company,142,141,287,2010,6,130000000,1,350000000,0,0,1,1,1,0,0,0,0,0,2,0,0
Dhobi Ghat,144,73,518,2010,7,130000000,1,256000000,0,0,0,0,1,0,0,0,0,1,2,0,2
Manorama Six Feet Under,282,221,238,2007,7.7,134000000,1,151000000,0,0,0,1,1,0,0,0,0,1,1,0,2
Get Educated: Paathshaala,125,71,417,2010,4.9,140000000,1,170000000,0,0,0,0,1,0,0,0,0,0,1,0,0
Inkaar,238,166,478,2013,6,140000000,1,100200000,0,0,0,0,1,0,0,1,1,0,1,0,0
Ekk Deewana Tha,96,73,439,2012,5.9,140000000,1,50000000,0,0,0,0,1,0,0,1,0,0,1,0,0
Tere Naal Love Ho Gaya,101,90,531,2012,5.8,140000000,1,306262500,0,0,1,0,1,0,0,1,0,0,2,0,0
One Two Three,324,69,202,2008,5.2,140000000,1,270000000,0,0,1,1,0,0,0,0,0,0,2,0,0
Dum Laga Ke Haisha,115,9,165,2015,7.5,140000000,1,420000000,0,0,1,0,1,0,0,1,0,1,2,0,2
Sarkar,107,101,37,2005,7.6,140000000,1,393047500,1,0,0,1,1,0,0,0,0,1,2,0,2
Paheli,240,190,416,2005,6.5,140000000,1,320000000,0,0,0,0,1,1,0,1,0,1,2,0,2
Jayantabhai Ki Luv Story,29,102,380,2013,5.3,145000000,1,39225000,1,0,1,0,0,0,0,1,0,0,1,0,0
Dosti: Friends Forever,326,112,1,2005,5.5,150000000,1,230000000,0,0,0,0,1,0,0,1,0,0,1,0,0
1921,83,214,113,2018,4.4,150000000,1,227400000,0,0,0,0,0,0,1,1,0,0,1,0,0
The Xpose,225,13,469,2014,3.2,150000000,1,227000000,0,0,0,0,0,0,0,0,1,0,1,0,0
Roadside Romeo,243,121,463,2008,5.2,150000000,1,87080000,0,1,1,0,0,0,0,0,0,0,1,0,0
Nanu Ki Jaanu,43,221,536,2018,6.1,150000000,1,41200000,0,0,1,0,1,0,1,0,0,0,1,0,0
Samrat & Co.,163,218,379,2014,6.3,150000000,1,21300000,0,0,0,0,0,0,0,0,1,0,1,0,0
Atithi Tum Kab Jaoge?,324,53,311,2010,6.4,150000000,1,390000000,0,0,1,0,0,0,0,0,0,0,2,0,0
Raaz: The Mystery Continues,228,92,142,2009,5.6,150000000,1,345000000,0,0,0,0,0,0,1,1,0,0,2,0,0
7 Khoon Maaf,123,17,516,2011,6.1,150000000,1,330000000,0,0,0,0,1,0,0,0,1,0,2,0,0
Hate Story 2,165,201,413,2014,4.4,150000000,1,310700000,0,0,0,0,1,0,0,0,1,0,2,0,0
Ek Paheli Leela,129,157,496,2015,3.7,150000000,1,274700000,0,0,0,0,0,0,0,1,1,0,2,0,0
Laaga Chunari Mein Daag: Journey of a Woman,307,26,416,2007,5.3,150000000,1,250000000,0,0,0,0,1,0,0,1,0,0,2,0,0
Main Aurr Mrs Khanna,293,79,463,2009,3.5,150000000,1,250000000,0,0,1,0,1,0,0,1,0,0,2,0,0
Naam Shabana,143,112,514,2017,6.3,150000000,1,560900000,1,0,0,0,0,0,0,0,1,0,3,0,0
Notebook,72,162,477,2019,6.8,150000000,1,37200000,0,0,0,0,1,0,0,1,0,1,1,0,2
Ghost,83,177,386,2019,7.4,150000000,1,18200000,0,0,0,0,0,0,1,0,1,1,1,0,2
Band Baaja Baaraat,227,195,287,2010,7.2,150000000,1,333000000,0,0,1,0,1,0,0,1,0,1,2,0,2
Luck by Chance,146,137,311,2009,7,150000000,1,290000000,0,0,0,0,1,0,0,0,0,1,2,0,2
Vicky Donor,59,9,8,2012,7.8,150000000,1,663200000,0,0,1,0,0,0,0,1,0,1,3,0,2
Aashiqui 2,228,40,364,2013,7,150000000,1,1090000000,0,0,0,0,1,0,0,0,0,1,4,1,3
Gang of Ghosts,174,126,288,2014,3.6,160000000,1,27930000,0,0,1,0,0,0,1,0,0,0,1,0,0
Lekar Hum Deewana Dil,337,122,243,2014,5,160000000,1,25000000,0,0,1,0,0,0,0,1,0,0,1,0,0
Nautanki Saala!,308,9,489,2013,5.8,160000000,1,329322500,0,0,1,0,0,0,0,0,0,0,2,0,0
Waqt: The Race Against Time,271,101,112,2005,6.8,160000000,1,424862500,0,0,1,0,1,0,0,0,0,1,2,0,2
The Ghazi Attack,171,127,337,2017,7.6,160000000,1,345000000,1,0,0,0,0,0,0,0,1,1,2,0,2
Rocket Singh: Salesman of the Year,311,154,474,2009,7.5,160000000,1,330000000,0,0,1,0,1,0,0,0,0,1,2,0,2
Badlapur,299,179,15,2015,7.4,160000000,1,810000000,1,0,0,1,1,0,0,0,0,1,4,1,3
Hate Story IV,165,230,387,2018,3.3,170000000,2,223800000,0,0,0,1,1,0,0,0,1,0,1,0,0
Humko Deewana Kar Gaye,75,112,390,2006,5.2,170000000,2,280000000,0,0,0,0,1,0,0,1,0,0,2,0,0
Ajnabee,133,112,1,2001,6.4,170000000,2,872503551,1,0,0,1,1,0,0,0,0,0,4,1,1
Parineeta,307,121,32,2005,7.2,170000000,2,326000000,0,0,0,0,1,0,0,1,0,1,2,0,2
Jab We Met,302,141,463,2007,7.9,170000000,2,710000000,0,0,1,0,1,0,0,1,0,1,3,0,2
Fugly,193,149,330,2014,4.7,180000000,2,148000000,0,0,0,0,1,0,0,0,1,0,1,0,0
Money Hai Toh Honey Hai,231,80,437,2008,2.8,180000000,2,62625000,0,0,1,0,1,0,0,0,0,0,1,0,0
Kaalakaandi,287,121,274,2018,6.2,180000000,2,61500000,0,0,1,0,0,0,0,0,1,0,1,0,0
Jaane Kahan Se Aayi Hai,137,112,516,2010,3.8,180000000,2,52500000,0,0,1,0,1,1,0,0,0,0,1,0,0
Rush,36,28,357,2012,3.7,180000000,2,45400000,0,0,0,1,0,0,0,0,1,0,1,0,0
Heroes,195,85,64,2008,5.6,180000000,2,254400000,1,1,1,0,0,0,0,0,0,0,2,0,0
The Accidental Prime Minister,275,161,175,2019,6,180000000,2,948000000,0,0,0,0,1,0,0,0,0,0,4,1,1
Awarapan,228,28,241,2007,7.2,180000000,2,122575000,1,0,0,0,1,0,0,1,0,1,1,0,2
Omerta,89,3,247,2017,7,180000000,2,40000000,1,0,0,1,0,0,0,0,0,1,1,0,2
Shootout at Lokhandwala,218,101,193,2007,7.1,180000000,2,460430000,1,0,0,1,0,0,0,0,0,1,2,0,2
Fashion,261,142,516,2008,6.9,180000000,2,600000000,0,0,0,0,1,0,0,0,0,1,3,0,2
Mary Kom,120,39,516,2014,6.8,180000000,2,1040000000,1,0,0,0,1,0,0,0,0,1,4,1,3
The Dirty Picture,329,28,32,2011,6.6,180000000,2,1170000000,0,0,0,0,1,0,0,0,0,1,5,1,3
Naqaab,133,1,175,2007,5.3,190000000,2,212000000,0,0,0,1,1,0,0,1,0,0,1,0,0
Shirin Farhad Ki Toh Nikal Padi,354,93,449,2012,4.2,190000000,2,198675000,0,0,0,0,0,0,0,1,0,0,1,0,0
Aisha,321,114,221,2010,5,190000000,2,286500000,0,0,1,0,1,0,0,1,0,0,2,0,0
Ragini MMS 2,235,157,507,2014,3.9,190000000,2,632900000,0,0,0,0,0,0,1,0,0,0,3,0,0
Kyaa Super Kool Hain Hum,85,90,380,2012,5,190000000,2,610000000,0,0,1,0,0,0,0,0,0,0,3,0,0
Go Goa Gone,186,121,82,2013,6.7,190000000,2,382000000,1,1,1,0,0,0,0,0,0,1,2,0,2
Saheb Biwi Aur Gangster Returns,2,149,288,2013,6.8,190000000,2,288000000,1,0,0,1,1,0,0,0,0,1,2,0,2
Ishqiya,334,5,32,2010,7.3,190000000,2,250000000,0,0,1,0,1,0,0,1,0,1,2,0,2
Tanu Weds Manu,310,199,142,2011,6.7,190000000,2,688200000,0,0,1,0,1,0,0,1,0,1,3,0,2
Dhamaal,33,193,90,2007,7.3,190000000,2,507330000,1,1,1,0,0,0,0,0,0,1,3,0,2
Mulk,260,203,514,2018,6.8,190000000,2,932794214,0,0,0,0,1,0,0,0,0,1,4,1,3
Why Cheat India,21,28,367,2019,6,200000000,2,86600000,0,0,0,1,1,0,0,0,0,0,1,0,0
Dus Kahaniyaan,154,186,282,2007,5.7,200000000,2,350000000,0,0,0,0,1,0,0,0,0,0,2,0,0
Ladies vs. Ricky Bahl,227,195,287,2011,5.9,200000000,2,840000000,0,0,1,0,1,0,0,1,0,0,4,1,1
ABCD (Any Body Can Dance),110,148,305,2013,6.3,200000000,2,760000000,0,0,0,0,1,0,0,0,0,0,4,1,1
Jaane kyun de yaaron,259,209,395,2018,4.7,200000000,2,760000000,0,0,0,0,1,0,0,0,0,0,4,1,1
Karthik Calling Karthik,4,137,391,2010,7,200000000,2,187500000,0,0,0,0,1,0,0,0,1,1,1,0,2
The Legend of Bhagat Singh,166,53,483,2002,8.1,200000000,2,129350000,1,0,0,0,1,0,0,0,0,1,1,0,2
Neerja,141,114,320,2016,7.7,200000000,2,1355200000,0,0,0,0,1,0,0,0,1,1,5,1,3
Lage Raho Munna Bhai,22,193,211,2006,8.1,200000000,2,1280000000,0,0,1,0,1,0,0,1,0,1,5,1,3
Mere Brother Ki Dulhan,270,49,390,2011,5.8,210000000,2,856000000,0,0,1,0,0,0,0,1,0,0,4,1,1
Rann,107,101,90,2010,6.9,210000000,2,137600000,0,0,0,0,1,0,0,0,1,1,1,0,2
Bhavesh Joshi Superhero,39,232,263,2018,7.6,210000000,2,14500000,1,0,0,0,1,0,0,0,0,1,1,0,2
Pari,7,213,287,2018,6.6,210000000,2,404100000,0,0,0,0,0,1,1,0,0,1,2,0,2
Gangs of Wasseypur,65,80,119,2012,8.2,210000000,2,379699000,1,0,1,1,0,0,0,0,0,1,2,0,2
"Swades: We, the People",203,190,296,2004,8.2,210000000,2,342000000,0,0,0,0,1,0,0,0,0,1,2,0,2
Namastey London,294,112,390,2007,7.1,210000000,2,714000000,0,0,1,0,1,0,0,1,0,1,3,0,2
Mardaani,307,135,416,2014,7.3,210000000,2,897000000,1,0,0,1,1,0,0,0,0,1,4,1,3
Main Hoon Na,241,190,418,2004,7,210000000,2,840000000,1,0,1,0,1,0,0,0,0,1,4,1,3
Bewakoofiyaan,145,9,114,2014,5.5,220000000,2,222000000,0,0,1,0,1,0,0,1,0,0,1,0,0
"I, Me aur Main",232,150,478,2013,4.6,220000000,2,31961500,0,0,1,0,1,0,0,0,0,0,1,0,0
Sunday,150,53,273,2008,5.3,220000000,2,319615000,1,0,1,0,0,0,0,0,0,0,2,0,0
Break Ke Baad,91,49,391,2010,5.2,220000000,2,284100000,0,0,1,0,1,0,0,1,0,0,2,0,0
Shuddh Desi Romance,227,34,204,2013,5.7,220000000,2,760000000,0,0,0,0,1,0,0,1,0,0,4,1,1
Aurangzeb,233,138,325,2013,6.5,220000000,2,350000000,1,0,0,0,1,0,0,0,1,1,2,0,2
Lajja,166,170,322,2001,6.7,220000000,2,280000000,0,0,0,1,1,0,0,0,0,1,2,0,2
Dabba,124,56,528,2013,7.8,220000000,2,1008500000,0,0,0,0,1,0,0,1,0,1,4,1,3
Dear Zindagi,172,190,394,2016,7.6,220000000,2,1392900000,0,0,0,0,1,0,0,1,0,1,5,1,3
Hello Zindagi,320,144,421,2010,6.6,220000000,2,1392900000,0,0,0,0,1,0,0,0,0,1,5,1,3
Thoda Pyaar Thoda Magic,57,121,416,2008,4.9,230000000,2,372530000,0,0,1,0,1,0,0,0,0,0,2,0,0
Khoobsurat,109,114,266,2014,6.4,230000000,2,794300000,0,0,1,0,0,0,0,1,0,0,4,1,1
No Smoking,65,150,273,2007,7.2,230000000,2,30000000,0,0,0,0,1,0,0,0,1,1,1,0,2
Black,191,101,416,2005,8.2,230000000,2,409370000,0,0,0,0,1,0,0,0,0,1,2,0,2
Karwaan,255,56,261,2018,7.5,230000000,2,264200000,0,0,1,0,1,0,0,0,0,1,2,0,2
Pink,201,101,514,2016,8.1,230000000,2,700000000,0,0,0,0,1,0,0,0,1,1,3,0,2
Veer-Zaara,318,190,176,2004,7.8,230000000,2,976400000,0,0,0,0,1,0,0,0,0,1,4,1,3
Stree,252,3,40,2018,7.6,230000000,2,1807600000,0,0,1,0,0,0,1,0,0,1,5,1,3
Kaanchi,55,0,398,2014,4.3,240000000,2,53000000,0,0,0,0,1,0,0,1,0,0,1,0,0
Khandaani Shafakhana,77,206,522,2019,4.8,240000000,2,39800000,0,0,1,0,1,0,0,0,0,0,1,0,0
Lagaan: Once Upon a Time in India,203,189,476,2001,8.1,240000000,2,600000000,0,1,0,0,1,0,0,0,0,1,3,0,2
No One Killed Jessica,113,32,416,2011,7.2,240000000,2,1030000000,0,0,0,1,1,0,0,0,0,1,4,1,3
Wake Up Sid,138,154,311,2009,7.6,240000000,2,834000000,0,0,1,0,1,0,0,1,0,1,4,1,3
Sonu Ke Titu Ki Sweety,342,0,81,2018,7.1,240000000,2,1564600000,0,0,1,0,0,0,0,1,0,1,5,1,3
Tum Mile,297,28,508,2009,4.9,250000000,2,224000000,0,0,0,0,1,0,0,1,0,0,1,0,0
Aaja Nachle,44,55,302,2007,6.3,250000000,2,143000000,0,0,0,0,1,0,0,0,0,0,1,0,0
Dulha Mil Gaya,338,208,418,2010,4.2,250000000,2,120000000,0,0,1,0,1,0,0,1,0,0,1,0,0
Arjun Patiala,162,160,504,2019,4.1,250000000,2,92400000,1,0,1,0,0,0,0,0,0,0,1,0,0
Kisna: The Warrior Poet,55,102,365,2005,4.5,250000000,2,92000000,0,0,0,0,1,0,0,0,0,0,1,0,0
Toonpur Ka Superrhero,244,53,10,2010,4.2,250000000,2,51000000,1,1,0,0,0,0,0,0,0,0,1,0,0
Mahabharat,9,101,53,2013,5.4,250000000,2,16900000,1,1,0,0,0,0,0,0,0,0,1,0,0
Yamla Pagla Deewana 2,127,110,307,2013,3.4,250000000,2,483500000,1,0,1,0,1,0,0,0,0,0,2,0,0
U Me Aur Hum,103,53,10,2008,5.9,250000000,2,400000000,0,0,0,0,1,0,0,1,0,0,2,0,0
Creature,83,99,470,2014,3.1,250000000,2,320000000,1,0,0,0,0,0,1,0,0,0,2,0,0
Heropanti,204,63,504,2014,5.3,250000000,2,726000000,1,0,0,0,0,0,0,1,0,0,3,0,0
Genius,209,30,388,2018,4.5,250000000,2,586122899,1,0,0,0,0,0,0,0,1,0,3,0,0
Ajab Prem Ki Ghazab Kahani,166,154,390,2009,6.3,250000000,2,1032100000,1,0,1,0,0,0,0,1,0,0,4,1,1
Raaz 3: The Third Dimension,83,28,470,2012,4,250000000,2,970000000,0,0,0,0,0,0,1,1,1,0,4,1,1
Highway,302,227,394,2014,7.6,250000000,2,477000000,0,0,0,1,1,0,0,1,0,1,2,0,2
Hasee Toh Phasee,178,200,204,2014,6.8,250000000,2,620000000,0,0,1,0,0,0,0,1,0,1,3,0,2
Delhi Belly,220,49,341,2011,7.5,250000000,2,1000000000,1,0,1,1,0,0,0,0,0,1,4,1,3
Uri: The Surgical Strike,5,83,106,2019,8.3,250000000,2,3420600000,1,0,0,0,1,0,0,0,0,1,5,1,3
Rab Ne Bana Di Jodi,257,190,287,2008,7.2,250000000,2,1870000000,0,0,1,0,1,0,0,0,0,1,5,1,3
Bala,252,9,165,2019,7.5,250000000,2,1710000000,0,0,1,0,0,0,0,0,0,1,5,1,3
Piku,59,101,391,2015,7.6,250000000,2,1410000000,0,0,1,0,1,0,0,0,0,1,5,1,3
Saand Ki Aankh,208,165,514,2019,8.2,250000000,2,1143811537,0,0,0,0,1,0,0,0,0,1,5,1,3
Khakee,166,101,112,2004,7.4,250770000,2,490890000,1,0,0,1,1,0,0,0,0,1,2,0,2
Bobby Jasoos,38,46,32,2014,5.5,260000000,2,206100000,0,0,1,0,1,0,0,0,1,0,1,0,0
Ek Thi Daayan,189,28,311,2013,5.7,260000000,2,402500000,0,0,0,0,0,0,1,1,1,0,2,0,0
Patiala House,323,50,203,2011,5.6,260000000,2,353000000,0,0,0,0,1,0,0,0,0,0,2,0,0
Fool N Final,187,110,141,2007,3.4,260000000,2,276200000,1,0,1,1,0,0,0,0,0,0,2,0,0
Tees Maar Khan,241,112,390,2010,2.5,260000000,2,600000000,0,0,1,1,0,0,0,0,0,0,3,0,0
Omkara,123,53,121,2006,8.1,260000000,2,424000000,1,0,0,1,1,0,0,0,0,1,2,0,2
English Vinglish,172,146,355,2012,7.8,260000000,2,914200000,0,0,1,0,1,0,0,0,0,1,4,1,3
Jhoom Barabar Jhoom,170,37,176,2007,3.7,270000000,2,485250000,0,0,0,0,1,0,0,1,0,0,2,0,0
Billu,168,56,271,2009,6.2,270000000,2,474512500,0,0,1,0,1,0,0,0,0,0,2,0,0
Kismat Konnection,347,141,32,2008,5.2,270000000,2,380000000,0,0,1,0,1,0,0,1,0,0,2,0,0
"Good Boy, Bad Boy",278,69,28,2007,3.7,270000000,2,305000000,0,0,1,0,0,0,0,0,0,0,2,0,0
Lootera,39,195,522,2013,7.3,270000000,2,461400000,0,0,0,0,1,0,0,1,0,1,2,0,2
Mardaani 2,12,136,416,2019,7.4,270000000,2,671200000,1,0,0,1,1,0,0,0,0,1,3,0,2
Hisss,20,56,326,2010,2.8,280000000,2,75582500,0,0,1,0,1,0,1,0,0,0,1,0,0
Jazbaa,248,56,290,2015,5.8,280000000,2,429692500,1,0,0,1,1,0,0,0,0,0,2,0,0
Force,181,150,531,2011,6.4,280000000,2,390320000,1,0,0,0,0,0,0,0,1,0,2,0,0
Ta Ra Rum Pum,336,121,416,2007,5.6,280000000,2,700000000,0,0,0,0,0,0,0,1,0,0,3,0,0
Partner,40,79,437,2007,5.7,280000000,2,1009115000,0,0,1,0,1,0,0,1,0,0,4,1,1
Rang De Basanti,6,189,508,2006,8.2,280000000,2,970000000,0,0,1,0,1,0,0,0,0,1,4,1,3
Kal ho naa ho,323,176,190,2003,8,280000000,2,860875000,0,0,1,0,1,0,0,1,0,1,4,1,3
New York,344,150,390,2009,6.8,280000000,2,783367500,0,0,0,1,1,0,0,0,1,1,4,1,3
Sachin - A Billion Dreams,184,169,428,2017,8.6,280814554,2,1204102200,0,0,0,0,0,0,0,0,0,1,5,1,3
Dil Toh Baccha Hai Ji,261,53,28,2011,5.7,285000000,2,408000000,0,0,1,0,1,0,0,1,0,0,2,0,0
Tumbbad,222,29,359,2018,8.3,288503479,2,1158884203,0,0,0,0,1,1,1,0,0,1,5,1,3
Jabariya Jodi,19,200,204,2019,4.2,290000000,2,211300000,1,0,1,0,1,0,0,0,0,0,1,0,0
Gulaab Gang,21,219,302,2014,6.1,290000000,2,165000000,1,0,0,0,1,0,0,0,0,0,1,0,0
Ajab Gazabb Love,267,51,465,2012,4.2,290000000,2,102090000,0,0,1,0,0,0,0,1,0,0,1,0,0
Ghanchakkar,113,28,32,2013,5.8,290000000,2,380000000,0,0,1,1,0,0,0,0,1,0,2,0,0
Finding Fanny,276,138,391,2014,5.8,290000000,2,506100000,0,1,1,0,1,0,0,0,0,0,3,0,0
Yamla Pagla Deewana,195,18,432,2011,5.6,290000000,2,986500000,1,0,1,0,1,0,0,0,0,0,4,1,1
Badhaai ho,331,9,443,2018,8,290000000,2,490042500,0,0,1,0,1,0,0,0,0,1,2,0,2
Article 15,260,9,336,2019,8.2,290000000,2,930800000,0,0,0,1,1,0,0,0,0,1,4,1,3
Section 375,296,119,175,2019,8.2,291066454,2,21525000,0,0,0,1,1,0,0,0,0,1,1,0,2
Chhichhore,128,34,40,2019,8.1,293629429,2,2154100000,0,0,1,0,1,0,0,0,0,1,5,1,3
Gulaal,65,127,235,2009,8.1,293629429,2,1128738871,0,0,0,1,1,0,0,0,1,1,5,1,3
Yeh Saali Aashiqui,134,6,451,2019,8.1,293629429,2,1128738871,0,0,0,0,0,0,0,0,1,1,5,1,3
P Se Pyaar F Se Faraar,27,27,149,2019,8,296192404,2,1113666205,0,0,0,1,1,0,0,1,0,1,5,1,3
Ab Tak Chhappan,311,95,417,2004,7.9,298755379,2,1098593539,1,0,0,1,1,0,0,0,0,1,4,1,3
Dor,332,21,273,2006,7.9,298755379,2,1098593539,0,0,0,0,1,0,0,0,0,1,4,1,3
Happy Phirr Bhag Jayegi,338,151,522,2018,4.5,300000000,2,210600000,0,0,1,0,0,0,0,0,0,0,1,0,0
Gori Tere Pyaar Mein!,100,49,463,2013,5,300000000,2,100000000,0,0,1,0,1,0,0,1,0,0,1,0,0
We Are Family,253,10,463,2010,5.6,300000000,2,420490000,0,0,0,0,1,0,0,0,0,0,2,0,0
Eklavya,41,101,121,2007,6.1,300000000,2,380000000,1,0,0,0,1,0,0,0,1,0,2,0,0
Raavan,35,37,290,2010,5.4,300000000,2,286000000,1,1,0,0,1,0,0,0,0,0,2,0,0
Knock Out,126,193,56,2010,6,300000000,2,622300000,1,0,0,1,1,0,0,0,0,0,3,0,0
Teri Meri Kahaani,57,141,516,2012,4.7,300000000,2,780000000,0,0,1,0,1,0,0,1,0,0,4,1,1
Ready,51,79,265,2011,4.7,300000000,2,1800000000,1,0,1,0,0,0,0,0,0,0,5,1,1
Son of Sardaar,324,53,193,2012,4,300000000,2,1699800000,1,0,1,0,0,0,0,0,0,0,5,1,1
Chakravyuh,245,166,221,2012,6.8,300000000,2,170300000,1,0,0,0,1,0,0,0,1,1,1,0,2
Kaante,248,101,193,2002,6.6,300000000,2,430000000,1,0,0,1,1,0,0,0,0,1,2,0,2
Fanaa,57,189,10,2006,7.2,300000000,2,1054800000,0,0,0,0,1,0,0,1,0,1,4,1,3
Airlift,291,112,528,2016,8,300000000,2,2510000000,0,0,0,0,1,0,0,0,0,1,5,1,3
Barfi!,46,154,516,2012,8.1,300000000,2,1883600000,0,0,1,0,1,0,0,1,0,1,5,1,3
Johnny Gaddaar,299,167,307,2007,7.8,301318354,2,67000000,0,0,0,1,1,0,0,0,0,1,1,0,2
Rock On!!,313,166,137,2008,7.8,301318354,2,1083520873,0,0,0,0,1,0,0,0,0,1,4,1,3
The Shaukeens,341,112,270,2014,5,302500000,2,463900000,0,0,1,0,0,0,0,0,0,0,2,0,0
Laila Majnu,153,43,524,2018,7.7,303881329,2,21840000,0,0,0,0,1,0,0,1,0,1,1,0,2
Bioscopewala,210,182,420,2018,7.7,303881329,2,1068448207,0,0,0,0,1,0,0,0,0,1,4,1,3
Guru,35,44,37,2007,7.7,303881329,2,800000000,0,0,0,0,1,0,0,0,0,1,4,1,3
Kuchh Bheege Alfaaz,149,187,420,2018,7.5,309007280,2,920000,0,0,0,0,0,0,0,1,0,1,1,0,2
Sonchiriya,334,34,165,2019,7.5,309007280,2,1038302876,1,0,0,1,1,0,0,0,0,1,4,1,3
SP Chauhan,173,149,111,2019,7.5,309007280,2,1038302876,0,0,0,0,1,0,0,0,0,1,4,1,3
The Sky Is Pink,273,137,516,2019,7.5,309007280,2,1038302876,0,0,0,0,1,0,0,1,0,1,4,1,3
Tum Bin...: Love Will Find a Way,260,172,286,2001,7.5,309007280,2,1038302876,0,0,0,0,1,0,0,1,0,1,4,1,3
London Paris New York,340,76,397,2012,5.7,310000000,2,410000000,0,0,0,0,0,0,0,1,0,0,2,0,0
Kidnap,267,193,49,2008,4.6,310000000,2,356060000,1,0,0,1,1,0,0,0,0,0,2,0,0
Kambakkht Ishq,204,192,433,2009,3.8,310000000,2,840000000,1,0,1,0,0,0,0,1,0,0,4,1,1
Main Tera Hero,40,179,370,2014,5.2,310000000,2,780000000,1,0,1,0,0,0,0,1,0,0,4,1,1
Gunday,270,195,138,2014,2.3,310000000,2,1200000000,1,0,0,0,1,0,0,1,0,0,5,1,1
Soorma,170,160,514,2018,7.4,310000000,2,470000000,0,0,0,0,1,0,0,0,0,1,2,0,2
...Yahaan,59,149,331,2005,7.4,311570255,2,1023230210,0,0,0,0,1,0,0,1,0,1,4,1,3
Manto,277,15,258,2018,7.4,311570255,2,1023230210,0,0,0,0,1,0,0,0,0,1,4,1,3
Once Upon a Time in Mumbaai,350,53,28,2010,7.4,311570255,2,1023230210,1,0,0,1,1,0,0,0,0,1,4,1,3
Road to Sangam,249,106,323,2010,7.4,311570255,2,1023230210,0,0,0,0,1,0,0,0,1,1,4,1,3
404: Error Not Found,99,180,283,2011,7.2,316696205,2,993084878,0,0,0,0,1,0,0,0,1,1,4,1,3
Bhopal: A Prayer for Rain,136,217,348,2014,7.2,316696205,2,993084878,0,0,0,0,1,0,0,0,0,1,4,1,3
Halkaa,71,41,342,2018,7.2,316696205,2,993084878,0,0,0,0,1,0,0,0,0,1,4,1,3
Pataakha,123,129,457,2018,7.2,316696205,2,993084878,1,0,1,0,1,0,0,0,0,1,4,1,3
Game Over,263,131,514,2019,7.1,319259180,2,3900000,0,0,0,0,1,0,0,0,1,1,1,0,2
Gabbar is Back,135,112,318,2015,7.1,319259180,2,1054800000,1,0,0,0,0,0,0,0,0,1,4,1,3
Gangster,46,118,142,2006,7.1,319259180,2,978012212,1,0,0,1,1,0,0,0,0,1,4,1,3
Sulemani Keeda,333,104,452,2014,7.1,319259180,2,978012212,0,0,1,0,0,0,0,1,0,1,4,1,3
Table No.21,104,106,218,2013,7.1,319259180,2,978012212,0,1,0,0,0,0,0,0,1,1,4,1,3
Department,107,193,337,2012,3.2,320000000,2,215149000,1,0,0,1,0,0,0,0,1,0,1,0,0
Judgementall Hai Kya,325,3,142,2019,6,320000000,2,449200000,0,0,1,0,1,0,0,0,1,0,2,0,0
Daawat-e-Ishq,18,204,364,2014,6.1,320000000,2,355800000,0,0,1,0,1,0,0,1,0,0,2,0,0
Lakshya,140,75,176,2004,7.9,320000000,2,416500000,1,0,0,0,1,0,0,1,0,1,2,0,2
Bhool Bhulaiyaa,168,112,32,2007,7.3,320000000,2,828377500,0,0,1,0,0,0,1,0,0,1,4,1,3
Toilet - Ek Prem Katha,303,112,165,2017,7.2,320000000,2,3115000000,0,0,1,0,1,0,0,0,0,1,5,1,3
Mission Mangal,122,112,32,2019,6.5,320000000,2,2905900000,0,0,0,0,1,0,0,0,0,1,5,1,3
Blackmail,220,56,20,2018,7,321822155,2,288100000,0,0,1,0,0,0,0,0,1,1,2,0,2
Mere Haule Dost,114,158,481,2013,7,321822155,2,962939546,0,0,1,0,1,0,0,0,0,1,4,1,3
Padmaavat,191,195,391,2018,7,321822155,2,962939546,0,0,0,0,1,0,0,1,0,1,4,1,3
Striker,95,198,510,2010,7,321822155,2,962939546,1,0,0,1,1,0,0,0,0,1,4,1,3
Mitron,72,51,352,2018,6.9,324385130,2,1080000,0,0,1,0,0,0,0,0,0,1,1,0,2
Fukrey,349,225,404,2013,6.9,324385130,2,947866880,0,0,1,0,1,0,0,1,0,1,4,1,3
Manmarziyaan,65,37,514,2018,6.9,324385130,2,947866880,0,0,0,0,0,0,0,1,0,1,4,1,3
Photograph,124,15,457,2019,6.8,326948105,2,12900000,0,0,0,0,1,0,0,1,0,1,1,0,2
Baa Baaa Black Sheep,330,161,441,2018,6.8,326948105,2,3000000,1,0,1,1,0,0,0,0,0,1,1,0,2
Kabul Express,344,150,211,2006,6.8,326948105,2,290000000,0,1,1,0,1,0,0,0,0,1,2,0,2
Arjun: The Warrior Prince,67,94,462,2012,6.8,326948105,2,932794214,1,1,0,0,0,0,0,0,0,1,4,1,3
Cheeni Kum,290,101,362,2007,6.8,326948105,2,932794214,0,0,1,0,0,0,0,1,0,1,4,1,3
Chhota Bheem and the Throne of Bali,164,108,267,2013,6.8,326948105,2,932794214,0,0,0,0,0,0,0,0,0,1,4,1,3
Saathiya,170,102,416,2002,6.8,326948105,2,932794214,0,0,0,0,1,0,0,1,0,1,4,1,3
The Attacks of 26/11,107,205,417,2013,6.8,326948105,2,932794214,1,0,0,1,0,0,0,0,0,1,4,1,3
Children of War,229,100,301,2014,6.7,329511080,2,917721548,0,0,0,0,1,0,0,0,0,1,4,1,3
Mujhse Shaadi Karogi,40,79,112,2004,6.7,329511080,2,917721548,0,0,1,0,1,0,0,0,0,1,4,1,3
Humpty Sharma Ki Dulhania,147,179,394,2014,6,330000000,2,1730000000,0,0,1,0,1,0,0,1,0,0,5,1,1
October,59,179,403,2018,7.5,330000000,2,584100000,0,0,0,0,1,0,0,1,0,1,3,0,2
Satellite Shankar,53,133,537,2019,6.5,334637030,2,5400000,1,0,0,0,1,0,0,0,0,1,1,0,2
"""Lets Enjoy",197,47,250,2004,6.5,334637030,2,887576217,0,0,1,0,0,0,0,0,0,1,4,1,3
Khido Khundi,162,194,392,2018,6.5,334637030,2,887576217,0,0,0,0,1,0,0,0,0,1,4,1,3
Pailwan,304,202,423,2019,6.5,334637030,2,887576217,1,0,0,0,1,0,0,0,0,1,4,1,3
1920,83,109,300,2008,6.4,337200005,2,872503551,0,0,0,0,0,0,1,1,0,0,4,1,1
Hope Aur Hum,198,5,358,2018,6.4,337200005,2,872503551,0,0,1,0,1,0,0,0,0,0,4,1,1
Jalebi,312,58,312,2018,6.3,339762981,2,2220000,0,0,0,0,1,0,0,1,0,0,1,0,0
Dharam Sankat Mein,211,5,106,2015,6.3,339762981,2,857430885,0,0,1,0,0,0,0,0,0,0,4,1,1
Kanpuriye,258,98,304,2019,6.3,339762981,2,857430885,0,0,0,0,1,0,0,0,0,0,4,1,1
Luka Chuppi,130,0,504,2019,6.3,340000000,3,172530000,0,0,1,0,0,0,0,1,0,0,1,0,0
Pati Patni Aur Woh,338,0,165,2019,5.9,340000000,3,1177000000,0,0,1,0,0,0,0,1,0,0,5,1,1
Baazaar,213,121,426,2018,6.6,340000000,3,70320000,0,0,0,1,1,0,0,0,1,1,1,0,2
Bhoothnath Returns,128,101,93,2014,6.7,340000000,3,530000000,0,0,1,0,1,1,0,0,0,1,3,0,2
Madras Cafe,59,150,24,2013,7.7,340000000,3,1100000000,1,0,0,0,1,0,0,0,1,1,5,1,3
Made in China,279,3,93,2019,6.2,342325956,3,128100000,0,0,1,0,1,0,0,0,0,0,1,0,0
Dhol,168,126,69,2007,6.2,342325956,3,842358219,0,0,1,1,0,0,0,0,0,0,4,1,1
The Journey of Karma,60,139,297,2018,6.2,342325956,3,842358219,0,0,0,0,1,0,0,0,0,0,4,1,1
Blank,175,110,376,2019,6.1,344888931,3,51500000,1,0,0,0,0,0,0,0,1,0,1,0,0
"""Jaan-E-Mann: Lets Fall in Love... Again",158,79,112,2006,6.1,344888931,3,827285553,0,0,0,0,1,0,0,1,0,0,4,1,1
Mangal Pandey: The Rising,353,189,416,2005,6.6,347000000,3,527780000,0,0,0,0,1,0,0,0,0,1,3,0,2
The Golden Boys,56,156,523,2008,6,347451906,3,812212887,0,0,1,0,0,0,0,1,0,0,4,1,1
8 x 10 Tasveer,332,112,273,2009,5.4,350000000,3,235800000,1,0,0,0,0,0,0,0,1,0,1,0,0
No Problem,51,14,193,2010,4.2,350000000,3,287000000,1,0,1,1,0,0,0,0,0,0,2,0,0
Khatta Meetha,168,112,412,2010,5.6,350000000,3,627900000,0,0,1,1,1,0,0,0,0,0,3,0,0
Heroine,261,166,463,2012,5.1,350000000,3,571175000,0,0,0,0,1,0,0,0,0,0,3,0,0
Ki & Ka,290,101,463,2016,5.8,350000000,3,993000000,0,0,1,0,0,0,0,1,0,0,4,1,1
Golmaal Returns,150,53,463,2008,5.1,350000000,3,800000000,0,0,1,1,0,0,0,0,0,0,4,1,1
Golmaal 3,150,44,53,2010,5.4,350000000,3,1692500000,1,0,1,0,0,0,0,0,0,0,5,1,1
Laal Kaptaan,282,121,500,2019,7.4,350000000,3,35000000,1,1,0,0,1,0,0,0,0,1,1,0,2
Detective Byomkesh Bakshy!,52,34,347,2015,7.6,350000000,3,360000000,1,0,0,0,0,0,0,0,1,1,2,0,2
Kaminey,123,141,516,2009,7.4,350000000,3,710000000,1,0,0,1,1,0,0,0,0,1,3,0,2
102 Not Out,106,101,203,2018,7.4,350000000,3,1000000000,0,0,1,0,1,0,0,0,0,1,4,1,3
Haider,123,141,362,2014,8.1,350000000,3,981670000,0,0,0,1,1,0,0,0,1,1,4,1,3
Wazir,322,101,137,2016,7.1,350000000,3,786900000,1,0,0,1,1,0,0,0,0,1,4,1,3
Padman,290,112,426,2018,8,350000000,3,2077300000,0,0,1,0,1,0,0,0,0,1,5,1,3
2 States,224,138,394,2014,6.9,350000000,3,1710200000,0,0,1,0,1,0,0,1,0,1,5,1,3
Kaabil,248,75,8,2017,7.1,350000000,3,1545140000,1,0,0,0,1,0,0,0,1,1,5,1,3
Dhoom:2,267,75,37,2006,6.5,350000000,3,1510000000,1,0,0,0,0,0,0,0,1,1,5,1,3
Om Shanti Om,241,190,391,2007,6.7,350000000,3,1480000000,1,0,1,0,1,0,0,0,0,1,5,1,3
Vishwaroopam 2,131,231,455,2018,5.9,350014881,3,190000000,1,0,0,0,0,0,0,0,1,0,1,0,0
Motichoor Chaknachoor,88,15,473,2019,5.8,352577856,3,28000000,0,0,1,0,0,0,0,1,0,0,1,0,0
Hum Pyar Tumhi Se Kar Baithe,185,163,381,2002,5.8,352577856,3,782067556,0,0,0,0,0,0,0,1,0,0,4,1,1
Malaal,61,132,448,2019,5.8,352577856,3,782067556,1,0,0,0,1,0,0,1,0,0,4,1,1
Isi Life Mein...!,309,226,400,2010,5.7,355140831,3,766994890,0,0,1,0,1,0,0,1,0,0,4,1,1
Mere Khwabon Mein Jo Aaye,223,227,253,2009,5.7,355140831,3,766994890,0,0,0,0,1,1,0,0,0,0,4,1,1
Tum Milo Toh Sahi,193,50,417,2010,5.7,355140831,3,766994890,0,0,1,0,1,0,0,0,0,0,4,1,1
Bypass Road,25,48,300,2019,5.6,357703806,3,11600000,0,0,0,0,1,0,0,0,1,0,1,0,0
Commando 3,104,35,300,2019,5.6,357703806,3,401500000,1,0,0,0,0,0,0,0,1,0,2,0,0
Gippi,177,140,329,2013,5.6,357703806,3,751922224,0,0,1,0,1,0,0,0,0,0,4,1,1
John Day,32,5,227,2013,5.6,357703806,3,751922224,0,0,0,0,1,0,0,0,0,0,4,1,1
Koyelaanchal,54,38,384,2014,5.6,357703806,3,751922224,1,0,0,0,1,0,0,0,0,0,4,1,1
Yamla Pagla Deewana Phir Se,226,110,307,2018,4.7,360000000,3,100000000,1,0,1,0,0,0,0,0,0,0,1,0,0
Ek Main Aur Ekk Tu,82,49,463,2012,5.8,360000000,3,721000000,0,0,1,0,1,0,0,1,0,0,3,0,0
Heyy Babyy,265,112,208,2007,6,360000000,3,839390000,0,0,1,0,1,0,0,0,0,0,4,1,1
Raanjhanaa,310,65,114,2013,7.6,360000000,3,940000000,0,0,0,0,1,0,0,1,0,1,4,1,3
Eela,307,10,407,2018,5.5,360266781,3,29600000,0,0,0,0,1,0,0,0,0,0,1,0,0
My Birthday Song,202,68,335,2018,5.5,360266781,3,675000,0,0,0,0,0,0,0,0,1,0,1,0,0
?: A Question Mark,94,11,419,2012,5.5,360266781,3,736849558,0,0,0,0,0,0,1,0,1,0,3,0,0
Kaashi in Search of Ganga,17,123,534,2018,5.5,360266781,3,736849558,0,0,0,0,0,0,0,0,1,0,3,0,0
When Obama Loved Osama,84,171,466,2018,5.5,360266781,3,736849558,0,0,1,0,0,0,0,0,0,0,3,0,0
The Body,221,28,203,2019,5.4,362829756,3,150000000,0,0,0,0,0,0,0,0,1,0,1,0,0
FryDay,183,66,437,2018,5.3,365392731,3,1628000,0,0,1,0,0,0,0,0,0,0,1,0,0
Inteqam: The Perfect Game,269,80,406,2004,5.3,365392731,3,706704226,1,0,0,0,0,0,0,0,1,0,3,0,0
Jism,268,150,470,2003,5.2,367955706,3,135000000,0,0,0,0,1,0,0,1,1,0,1,0,0
Apna Sapna Money Money,207,59,410,2006,5.2,367955706,3,691631560,0,0,1,0,0,0,0,1,0,0,3,0,0
Hostel,280,64,314,2011,5.2,367955706,3,691631560,1,0,0,1,1,0,0,0,0,0,3,0,0
Lafangey Parindey,307,48,391,2010,5.2,367955706,3,691631560,1,0,0,0,1,0,0,1,0,0,3,0,0
Revati,159,21,272,2005,5.2,367955706,3,691631560,0,0,0,0,1,0,0,0,0,0,3,0,0
Toh Baat Pakki!,214,126,362,2010,5.2,367955706,3,691631560,0,0,1,0,1,0,0,0,0,0,3,0,0
"""Indias Most Wanted",113,138,373,2019,4.5,370000000,3,167400000,1,0,0,0,0,0,0,0,1,0,1,0,0
Prince,256,102,339,2010,4.2,370000000,3,389425000,1,0,0,0,0,0,0,0,1,0,2,0,0
Luck,116,44,193,2009,4.8,370000000,3,335800000,1,1,0,0,1,0,0,0,0,0,2,0,0
Baaghi,204,63,40,2016,5.2,370000000,3,1269600000,1,0,0,0,0,0,0,0,1,0,5,1,1
Dedh Ishqiya,334,5,302,2014,7.1,370000000,3,408000000,0,0,1,0,1,0,0,1,0,1,2,0,2
Jab Tak Hai Jaan,318,190,390,2012,6.7,370000000,3,2110000000,0,0,0,0,1,0,0,1,0,1,5,1,3
Milan Talkies,2,220,46,2019,5.1,370518682,3,234000000,0,0,0,0,1,0,0,0,0,0,1,0,0
Setters,278,21,174,2019,5.1,370518682,3,5800000,0,0,0,0,0,0,0,0,1,0,1,0,0
Daas Dev,238,16,306,2018,5.1,370518682,3,676558894,0,0,0,0,1,0,0,0,1,0,3,0,0
Game,220,37,142,2011,5.1,370518682,3,676558894,1,0,0,1,1,0,0,0,0,0,3,0,0
Jack & Dil,300,91,186,2018,5.1,370518682,3,676558894,0,0,1,0,0,0,0,0,0,0,3,0,0
Lamhaa: The Untold Story of Kashmir,74,193,470,2010,5,373081657,3,661486228,1,0,0,0,1,0,0,0,1,0,3,0,0
Raazi,339,83,394,2018,7.8,375000000,3,2020000000,1,0,0,0,1,0,0,0,1,1,5,1,3
5ters: Castle of Dark Master,1,223,277,2011,4.9,375644632,3,646413563,1,1,0,0,0,1,0,0,0,0,3,0,0
Murder 3,47,227,76,2013,4.9,375644632,3,646413563,0,0,0,0,1,0,0,0,1,0,3,0,0
Fanney Khan,239,14,290,2018,4.4,380000000,3,167300000,0,0,1,0,1,0,0,0,0,0,1,0,0
Ramaiya Vastavaiya,199,188,318,2013,5.6,380000000,3,400000000,1,0,0,0,1,0,0,1,0,0,2,0,0
Anjaana Anjaani,336,154,516,2010,5.8,380000000,3,685000000,0,0,1,0,1,0,0,0,0,0,3,0,0
Don,140,190,516,2006,7.2,380000000,3,1060000000,1,0,0,1,0,0,0,0,1,1,4,1,3
Kapoor & Sons,82,200,266,2016,7.7,380000000,3,1432855000,0,0,1,0,1,0,0,1,0,1,5,1,3
Bheja Fry 2,284,143,127,2011,4.7,380770582,3,616268231,0,0,1,0,1,0,0,0,0,0,3,0,0
Jhootha Kahin Ka,70,149,203,2019,4.7,380770582,3,616268231,0,0,1,0,0,0,0,0,0,0,3,0,0
Mausam,161,141,114,2011,4.7,380770582,3,616268231,0,0,0,0,1,0,0,1,0,0,3,0,0
Super Nani,33,126,434,2014,4.7,380770582,3,616268231,0,0,1,0,1,0,0,0,0,0,3,0,0
Nawabzaade,92,159,442,2018,4.6,383333557,3,601195565,0,0,1,0,0,0,0,1,0,0,3,0,0
Pyaar Impossible!,243,161,516,2010,4.6,383333557,3,601195565,0,0,1,0,0,0,0,1,0,0,3,0,0
Raja Abroadiya,298,134,430,2018,4.6,383333557,3,601195565,0,0,0,0,0,0,0,1,0,0,3,0,0
Dil Bole Hadippa!,93,141,416,2009,4.5,385896532,3,586122899,0,0,1,0,1,0,0,0,0,0,3,0,0
Muskaan,286,174,303,2004,4.4,388459507,3,100000000,0,0,0,0,0,0,0,1,0,0,1,0,0
Bombairiya,68,226,426,2019,4.4,388459507,3,571050233,0,0,1,1,1,0,0,0,0,0,3,0,0
Prassthanam,196,193,170,2019,5.8,390000000,3,9940000,1,0,0,0,1,0,0,0,0,0,1,0,0
Ungli,316,28,142,2014,5.7,390000000,3,500000000,0,0,0,1,1,0,0,0,1,0,3,0,0
Badrinath Ki Dulhania,147,179,394,2017,6.2,390000000,3,2004500000,0,0,1,0,1,0,0,1,0,0,5,1,1
Tanu Weds Manu Returns,310,199,142,2015,7.6,390000000,3,2580000000,0,0,1,0,1,0,0,1,0,1,5,1,3
Special Chabbis,10,112,161,2013,8,390000000,3,1260000000,0,0,0,1,1,0,0,0,1,1,5,1,3
Fraud Saiyyan,148,211,532,2019,4.3,391022482,3,14910000,0,0,1,0,1,0,0,0,0,0,1,0,0
Desi Kattey,11,2,494,2014,4.2,393585457,3,540904901,1,0,0,0,0,0,0,0,0,0,3,0,0
Ishqeria,24,54,368,2018,4.2,393585457,3,540904901,0,0,1,0,0,0,0,1,0,0,3,0,0
Policegiri,105,193,482,2013,4.1,396148432,3,525832236,1,0,1,0,0,0,0,0,0,0,3,0,0
Main Prem Ki Diwani Hoon,272,75,463,2003,4,398711407,3,510759570,0,0,1,0,1,0,0,0,0,0,3,0,0
Thugs of Hindostan,102,189,390,2018,4,398711407,3,3030000000,1,1,0,0,0,0,0,0,0,0,5,1,1
"""Trip to Bhangarh: Asias Most Haunted Place",111,52,313,2014,2.4,400000000,3,182500000,0,0,0,0,0,0,1,0,1,0,1,0,0
De Dana Dan,168,112,202,2009,5.3,400000000,3,818500000,0,0,1,1,0,0,0,0,0,0,4,1,1
Krrish,327,75,516,2006,6.3,400000000,3,1260000000,1,0,0,0,0,0,0,0,0,0,5,1,1
Aakrosh,168,53,175,2010,7,400000000,3,182500000,1,0,0,1,0,0,0,0,1,1,1,0,2
Hamari Adhuri Kahani,228,3,32,2015,6.7,400000000,3,412300000,0,0,0,0,1,0,0,1,0,1,2,0,2
Dostana,118,37,150,2008,6.5,400000000,3,871517500,0,0,1,0,1,0,0,1,0,1,4,1,3
Gully Boy,146,195,394,2019,8.2,400000000,3,2381600000,0,0,0,0,1,0,0,0,0,1,5,1,3
Talaash,182,189,463,2012,7.2,400000000,3,1742100000,0,0,0,1,1,0,0,0,0,1,5,1,3
Kabhi Khushi Kabhie Gham...,283,190,10,2001,7.4,400000000,3,1360000000,0,0,0,0,1,0,0,1,0,1,5,1,3
Welcome,51,112,390,2007,6.8,400000000,3,1220000000,0,0,1,0,0,0,0,1,0,1,5,1,3
Jodhaa Akbar,203,75,290,2008,7.6,400000000,3,1120000000,1,0,0,0,1,0,0,0,0,1,5,1,3
Bin Bulaye Baraati,314,97,436,2011,3.9,401274383,3,495686904,1,0,1,1,0,0,0,0,0,0,2,0,0
Nirdosh,289,115,327,2018,3.9,401274383,3,495686904,0,0,0,0,1,0,0,0,1,0,2,0,0
Ishkq in Paris,48,176,255,2013,3.8,403837358,3,21300000,0,0,1,0,0,0,0,1,0,0,1,0,0
Dassehra,14,48,445,2018,3.8,403837358,3,480614238,1,0,0,0,0,0,0,0,1,0,2,0,0
Rise of the Zombie,34,20,338,2013,3.6,408963308,3,450468906,0,0,0,0,1,0,1,0,1,0,2,0,0
Dhadak,147,19,527,2018,4.5,410000000,3,195270000,0,0,1,0,1,0,0,1,0,0,1,0,0
All the Best: Fun Begins,150,193,53,2009,6.1,410000000,3,610000000,1,0,1,0,1,0,0,0,0,0,3,0,0
Maa Tujhhe Salaam,348,110,362,2002,3.5,411526283,3,435396240,1,0,0,0,1,0,0,0,0,0,2,0,0
Marjaavaan,137,90,200,2019,3.5,411526283,3,653400000,1,0,0,0,0,0,0,1,0,0,3,0,0
Neighbours,355,88,309,2014,3.3,416652233,3,405250908,0,0,0,0,0,0,1,0,0,0,2,0,0
"""Neal N Nikki",108,25,251,2005,3.2,419215208,3,390178243,0,0,1,0,0,0,0,1,0,0,2,0,0
5 Weddings,335,24,3,2018,3.2,419215208,3,390178243,0,0,1,0,1,0,0,1,0,0,2,0,0
PM Narendra Modi,236,102,93,2019,3.2,419215208,3,390178243,0,0,0,0,1,0,0,0,0,0,2,0,0
Zanjeer,218,31,516,2013,3.2,419215208,3,390178243,1,0,0,0,1,0,0,0,0,0,2,0,0
Singh Saab the Great,209,110,387,2013,5.7,420000000,3,3289875000,1,0,0,0,1,0,0,0,0,0,5,1,1
Dabangg,352,79,522,2010,6.2,420000000,3,2190000000,1,0,1,0,0,0,0,0,0,0,5,1,1
Agyaat,107,42,354,2009,2.9,426904133,3,344960245,0,0,0,0,1,0,1,0,0,0,2,0,0
Amavasya,235,152,495,2019,2.8,429467108,3,329887579,0,0,0,0,0,0,1,0,1,0,2,0,0
Veerey Ki Wedding,54,225,149,2018,2.8,429467108,3,329887579,0,0,1,0,0,0,0,1,0,0,2,0,0
Shaadi Ke Side Effects,180,137,32,2014,5.6,430000000,3,696000000,0,0,1,0,0,0,0,1,0,0,3,0,0
Salaam-E-Ishq,323,79,516,2007,5.1,430000000,3,520000000,0,0,1,0,1,0,0,0,0,0,3,0,0
Race,133,121,175,2008,6.6,430000000,3,1090000000,1,0,0,1,1,0,0,0,0,1,4,1,3
Drive,118,34,280,2019,2.4,439719009,3,269596916,1,0,0,0,0,0,0,0,1,0,2,0,0
Rangeela Raja,152,212,437,2019,2.4,439719009,3,269596916,0,0,1,0,0,0,0,0,0,0,2,0,0
Love Aaj Kal,302,121,391,2009,6.8,440000000,3,526300000,0,0,1,0,1,0,0,1,0,1,3,0,2
Devdas,191,190,290,2002,7.6,440000000,3,1020000000,0,0,0,0,1,0,0,1,0,1,4,1,3
Parmanu: The Story of Pokhran,341,150,93,2018,7.7,440000000,3,962100000,1,0,0,0,1,0,0,0,0,1,4,1,3
Karzzzz,174,13,402,2008,2.1,447407934,3,110000000,1,0,0,0,1,0,0,0,0,0,1,0,0
Drona,230,185,393,2008,2,449970909,3,209306252,1,1,0,0,0,1,0,0,0,0,1,0,0
Jackpot,188,5,157,2013,2,449970909,3,50000000,0,0,1,0,0,0,0,0,1,0,1,0,0
Khelein Hum Jee Jaan Sey,203,37,391,2010,5.9,450000000,3,49100000,1,0,0,0,1,0,0,0,0,0,1,0,0
Rascals,40,53,193,2011,2.9,450000000,3,490000000,1,0,1,1,0,0,0,0,0,0,2,0,0
Saawariya,191,154,114,2007,5.3,450000000,3,390000000,0,0,0,0,1,0,0,1,0,0,2,0,0
Matru ki Bijlee ka Mandola,123,178,49,2013,5.6,450000000,3,311500000,0,0,1,0,1,0,0,0,0,0,2,0,0
Satyameva Jayate,137,150,80,2018,5.6,450000000,3,1083200000,1,0,0,0,0,0,0,0,1,0,4,1,1
Rowdy Rathore,199,112,522,2012,5.7,450000000,3,1980000000,1,0,0,0,0,0,0,0,0,0,5,1,1
Shamitabh,290,101,65,2015,6.8,450000000,3,710000000,0,0,0,0,1,0,0,0,0,1,3,0,2
Ghajini,79,189,265,2008,7.3,450000000,3,2320000000,1,0,0,0,1,0,0,0,0,1,5,1,3
Jolly LLB 2,190,112,472,2017,7.2,450000000,3,1833300000,0,0,1,0,1,0,0,0,0,1,5,1,3
Raid,113,53,370,2018,7.4,450000000,3,1428100000,1,0,0,1,1,0,0,0,0,1,5,1,3
Welcome to New York,87,160,522,2018,1.9,452533884,3,194233586,0,0,1,0,1,0,0,0,0,0,1,0,0
Kill Dil,170,195,397,2014,4.3,456000000,3,299000000,1,0,0,0,1,0,0,1,0,0,2,0,0
Ram Gopal Varma Ki Aag,107,101,520,2007,1.7,457659834,3,164088254,1,1,1,0,0,0,0,0,0,0,1,0,0
Namaste England,294,138,204,2018,1.8,460000000,3,110200000,0,0,1,0,1,0,0,1,0,0,1,0,0
Joker,158,112,522,2012,2.4,470000000,3,321087500,0,0,1,0,0,0,0,0,0,0,2,0,0
Raja Natwarlal,297,28,409,2014,6.1,470000000,3,295000000,0,0,0,1,0,0,0,0,1,0,2,0,0
Udta Punjab,334,141,394,2016,7.8,470000000,3,960800000,1,0,0,1,1,0,0,0,0,1,4,1,3
Batla House,323,150,335,2019,7.2,470000000,3,1133800000,1,0,0,0,1,0,0,0,1,1,5,1,3
Yuvvraaj,55,79,14,2008,4.1,480000000,3,312000000,0,0,1,0,1,0,0,1,0,0,2,0,0
Delhi-6,6,37,259,2009,6,480000000,3,521750000,0,0,1,0,1,0,0,0,0,0,3,0,0
Shootout at Wadala,248,14,150,2013,5.9,480000000,3,750000000,1,0,0,1,0,0,0,0,0,0,4,1,1
Goliyon Ki Rasleela Ram-Leela,191,195,391,2013,6.4,480000000,3,2200000000,0,0,0,0,1,0,0,1,0,0,5,1,1
Romeo Akbar Walter,295,150,425,2019,6.5,480000000,3,534800000,1,0,0,0,1,0,0,0,1,1,3,0,2
Sui Dhaaga: Made in India,115,179,287,2018,6.8,480000000,3,1250900000,0,0,1,0,1,0,0,0,0,1,5,1,3
Drishyam,181,53,324,2015,8.2,480000000,3,1110500000,0,0,0,1,1,0,0,0,0,1,5,1,3
Batti Gul Meter Chalu,303,141,40,2018,6,490000000,3,666200000,0,0,0,0,1,0,0,0,0,0,3,0,0
Kites,46,75,353,2010,6.1,500000000,3,483300000,1,0,0,0,1,0,0,1,0,0,2,0,0
Kurbaan,316,121,463,2009,5.7,500000000,3,429000000,1,0,0,1,1,0,0,0,0,0,2,0,0
London Dreams,294,79,53,2009,5.4,500000000,3,410000000,0,0,0,0,1,0,0,0,0,0,2,0,0
Veer,209,79,170,2010,4.6,500000000,3,647100000,1,1,0,0,1,0,0,0,0,0,3,0,0
Roy,78,166,280,2015,3.3,500000000,3,560000000,1,0,0,0,1,0,0,0,0,0,3,0,0
Kabhi Alvida Naa Kehna,283,190,416,2006,6.1,500000000,3,827285553,0,0,0,0,1,0,0,1,0,0,4,1,1
Satyagraha,245,101,463,2013,5.9,500000000,3,797140221,0,0,0,0,1,0,0,0,0,0,4,1,1
Murder 2,228,28,280,2011,6.2,500000000,3,1150000000,1,0,0,0,1,0,1,0,0,0,5,1,1
Guzaarish,191,75,290,2010,7.4,500000000,3,649000000,0,0,0,0,1,0,0,0,0,1,3,0,2
Holiday,79,112,522,2014,7.2,500000000,3,1784000000,1,0,0,0,0,0,0,0,1,1,5,1,3
Rustom,251,112,370,2016,7.1,502800000,3,2103600000,0,0,0,1,1,0,0,0,1,1,5,1,3
Action Replayy,294,112,290,2010,4.2,510000000,4,462943750,0,0,1,0,0,0,0,1,0,0,2,0,0
Tezz,168,14,53,2012,3.9,520000000,4,261000000,1,0,0,1,1,0,0,0,0,0,2,0,0
Housefull,265,112,391,2010,5.4,530000000,4,1868200000,0,0,1,0,0,0,0,0,0,0,5,1,1
Housefull 2,265,112,150,2012,5.2,530000000,4,1868200000,1,0,1,0,0,0,0,0,0,0,5,1,1
Bhaag milkha bhaag,139,137,114,2013,8.2,530000000,4,1637800000,0,0,0,0,1,0,0,0,0,1,5,1,3
Phata Poster Nikhla Hero,166,141,370,2013,4.8,540000000,4,720000000,1,0,1,0,0,0,0,0,0,0,3,0,0
Players,133,86,37,2012,4.1,550000000,4,485600000,1,0,0,1,0,0,0,0,1,0,2,0,0
Bol Bachchan,150,101,53,2012,5.5,550000000,4,1470000000,1,0,1,0,0,0,0,0,0,0,5,1,1
Zindagi Na Milegi Dobara,146,75,137,2011,8.1,550000000,4,1530000000,0,0,1,0,1,0,0,0,0,1,5,1,3
Happy Ending,186,121,370,2014,5.4,570000000,4,380000000,0,0,1,0,0,0,0,1,0,0,2,0,0
Thank You,51,112,114,2011,4.6,580000000,4,710232500,0,0,1,0,0,0,0,0,0,0,3,0,0
R... Rajkumar,199,141,522,2013,5.2,580000000,4,995000000,1,0,0,0,0,0,0,1,0,0,4,1,1
Half Girlfriend,228,216,40,2017,4.3,580000000,4,977300000,0,0,0,0,1,0,0,1,0,0,4,1,1
Agneepath,192,75,516,2012,6.9,580000000,4,1950000000,1,0,0,0,1,0,0,0,0,1,5,1,3
Student of the Year,283,200,394,2012,5.4,590000000,4,1091000000,0,0,1,0,1,0,0,1,0,0,4,1,1
Student of the Year 2,100,63,276,2019,2.6,590000000,4,1091000000,0,0,0,0,1,0,0,1,0,0,4,1,1
Baaghi 2,187,63,446,2018,4.9,590000000,4,2531800000,1,0,0,0,0,0,0,0,1,0,5,1,1
Ae Dil Hai Mushkil,283,154,290,2016,5.8,590000000,4,2235100000,0,0,0,0,1,0,0,0,0,0,5,1,1
Aladin,49,101,193,2009,4.6,600000000,4,60000000,1,1,0,0,0,1,0,0,0,0,1,0,0
Bodyguard,156,79,463,2011,4.6,600000000,4,2500000000,1,0,1,0,0,0,0,1,0,0,5,1,1
Rockstar,302,154,24,2011,7.7,600000000,4,1080000000,0,0,0,0,1,0,0,0,0,1,4,1,3
Kabir Singh,301,141,424,2019,7.1,600000000,4,3790000000,0,0,0,0,1,0,0,1,0,1,5,1,3
Good Newwz,81,112,463,2019,7.2,600000000,4,3185700000,0,0,1,0,1,0,0,0,0,1,5,1,3
Raajneeti,245,53,154,2010,7.1,600000000,4,1455000000,0,0,0,0,1,0,0,0,1,1,5,1,3
Wanted,199,79,273,2009,6.6,600000000,4,1200000000,1,0,0,0,0,0,0,0,1,1,5,1,3
Khiladi 786,30,112,265,2012,4.2,630000000,4,970500000,1,0,1,0,0,0,0,0,0,0,4,1,1
Befikre,257,195,294,2016,3.9,640000000,4,1039800000,0,0,1,0,1,0,0,1,0,0,4,1,1
Humshakals,265,121,90,2014,1.7,640000000,4,866000000,0,0,1,0,0,0,0,0,0,0,4,1,1
Aiyaary,10,200,80,2018,5.3,650000000,4,340700000,1,0,0,0,0,0,0,0,1,0,2,0,0
Desi Boyz,247,112,150,2011,5.7,650000000,4,770000000,0,0,1,0,1,0,0,0,0,0,4,1,1
Himmatwala,265,53,512,2013,1.7,680000000,4,657900000,1,0,1,0,0,0,0,0,0,0,3,0,0
Boss,37,112,183,2013,5.1,700000000,4,848200000,1,0,0,0,0,0,0,0,0,0,4,1,1
Singham Returns,150,53,463,2014,5.7,700000000,4,2165600000,1,0,0,0,1,0,0,0,0,0,5,1,1
Jai Ho,215,79,284,2014,5.2,700000000,4,1830000000,1,0,0,0,1,0,0,0,0,0,5,1,1
Race 2,133,121,14,2013,5.3,700000000,4,1620000000,1,0,0,1,0,0,0,0,1,0,5,1,1
Pagalpanti,51,14,150,2019,3,720000000,4,91122500,1,0,1,0,0,0,0,0,0,0,1,0,0
"""Its Entertainment",264,112,512,2014,4.5,750000000,4,948500000,1,0,1,0,0,0,0,0,0,0,4,1,1
Ek Tha Tiger,344,79,390,2012,5.5,750000000,4,3200000000,1,0,0,0,0,0,0,1,1,0,5,1,1
Veere Di Wedding,109,114,463,2018,3.2,750000000,4,1388000000,0,0,1,0,0,0,0,0,0,0,5,1,1
Yeh Jawaani Hai Deewani,138,154,391,2013,7.1,750000000,4,2956130000,0,0,1,0,1,0,0,0,0,1,5,1,3
Don 2,140,190,366,2011,7.1,760000000,4,2020000000,1,0,0,1,0,0,0,0,1,1,5,1,3
De De Pyaar De,3,53,362,2019,6.6,770000000,4,1430000000,0,0,1,0,0,0,0,1,0,1,5,1,3
Tamasha,302,154,391,2015,7.3,780000000,4,620000000,0,0,1,0,1,0,0,1,0,1,3,0,2
Rangoon,123,141,142,2017,5.7,800000000,4,410400000,1,0,0,0,1,0,0,0,0,0,2,0,0
Jism 2,205,227,515,2012,3,800000000,4,1600000000,0,0,0,0,1,0,0,0,1,0,5,1,1
Welcome Back,51,14,417,2015,4.2,800000000,4,1530000000,1,0,1,1,0,0,0,0,0,0,5,1,1
Chandni Chowk to China,323,112,391,2009,4,800000000,4,1200000000,1,0,1,0,0,0,0,0,0,0,5,1,1
Kesari,93,112,204,2019,7.4,800000000,4,2070900000,1,0,0,0,1,0,0,0,0,1,5,1,3
Besharam,352,154,349,2013,3.6,830000000,4,950000000,1,0,1,0,0,0,0,1,0,0,4,1,1
Dil Dhadakne Do,146,14,461,2015,6.8,830000000,4,1447987500,0,0,1,0,1,0,0,1,0,1,5,1,3
Once Upon a Time in Mumbai Dobaara!,350,112,49,2013,4.6,850000000,4,917000000,1,0,0,1,1,0,0,0,0,0,4,1,1
Housefull 3,264,112,37,2016,5,850000000,4,1950000000,1,0,1,0,0,0,0,0,0,0,5,1,1
My Name Is Khan,283,190,10,2010,8,850000000,4,2230000000,0,0,0,0,1,0,0,0,0,1,5,1,3
Total Dhamaal,33,53,14,2019,4.3,900000000,4,2282700000,1,1,1,0,0,0,0,0,0,0,5,1,1
Singh Is Bliing,199,112,439,2015,5.1,910000000,4,1160000000,1,0,1,0,0,0,0,0,0,0,5,1,1
Action Jackson,199,53,224,2014,3.3,930000000,4,880000000,1,0,0,0,0,0,0,0,1,0,4,1,1
Krrish 3,327,75,102,2013,5.2,950000000,4,3933700000,1,0,0,0,0,0,0,0,0,0,5,1,1
Victory,200,168,480,2009,3.7,1000000000,4,19200000,0,0,0,0,1,0,0,0,0,0,1,0,0
Panipat,203,138,193,2019,5.5,1000000000,4,492900000,1,0,0,0,1,0,0,0,0,0,2,0,0
Bharat,270,79,390,2019,5.3,1000000000,4,3255800000,1,0,0,0,1,0,0,0,0,0,5,1,1
Tubelight,344,79,85,2017,4,1000000000,4,2111400000,0,0,0,0,1,0,0,0,0,0,5,1,1
Shivaay,103,53,411,2016,6.2,1030000000,4,1241455000,1,0,0,0,1,0,0,0,1,0,5,1,1
M.S. Dhoni: The Untold Stor,242,34,424,2016,7.7,1040000000,4,2160000000,0,0,0,0,1,0,0,0,0,1,5,1,3
Dabangg 3,199,79,423,2019,3.4,1050000000,4,2309300000,1,0,1,0,0,0,0,0,0,0,5,1,1
Blue,37,112,193,2009,3.7,1100000000,4,750000000,1,1,0,0,0,0,0,0,1,0,4,1,1
Manikarnika: The Queen of Jhansi,135,142,408,2019,6.4,1100000000,4,1450000000,1,0,0,0,1,0,0,0,0,0,5,1,1
Jab Harry Met Sejal,302,190,287,2017,5.3,1190000000,4,1475000000,0,0,1,0,1,0,0,1,0,0,5,1,1
Bombay Velvet,65,154,287,2015,5.7,1200000000,4,431000000,1,0,0,1,1,0,0,0,0,0,2,0,0
Fan,227,190,245,2016,7,1200000000,4,900000000,1,0,0,0,1,0,0,0,1,1,4,1,3
Hotel Mumbai,285,147,252,2018,7.6,1211000000,4,1477000000,1,0,0,0,1,0,0,0,0,1,5,1,3
Raees,74,87,435,2017,6.8,1270000000,4,2725200000,1,0,0,1,1,0,0,0,0,1,5,1,3
Ra.One,260,190,166,2011,4.6,1300000000,4,2070000000,1,1,0,0,0,0,0,0,0,0,5,1,1
Jagga Jasoos,46,154,390,2017,6.5,1310000000,4,833500000,1,1,1,0,0,0,0,0,0,1,4,1,3
Kick,234,79,280,2014,5.3,1400000000,4,3518000000,1,0,1,0,0,0,0,0,0,0,5,1,1
Kaala,90,164,417,2018,6.8,1400000000,4,1550000000,1,0,0,0,1,0,0,0,0,1,5,1,3
